{"cameraMode":{"drawMode":0,"name":"Shaded","section":"Shading Mode"},"sceneLighting":true,"audioPlay":false,"sceneViewState":{"m_AlwaysRefresh":false,"showFog":true,"showSkybox":true,"showFlares":true,"showImageEffects":true,"showParticleSystems":true,"showVisualEffectGraphs":true,"m_FxEnabled":true},"in2DMode":false,"pivot":{"x":839.1280517578125,"y":876.5384521484375,"z":1520.833251953125},"rotation":{"x":-0.13675811886787415,"y":0.10680444538593292,"z":-0.014883679337799549,"w":-0.9847632050514221},"size":928.6881103515625,"orthographic":true}