{"cameraMode":{"drawMode":0,"name":"Shaded","section":"Shading Mode"},"sceneLighting":true,"audioPlay":false,"sceneViewState":{"m_AlwaysRefresh":false,"showFog":true,"showSkybox":true,"showFlares":true,"showImageEffects":true,"showParticleSystems":true,"showVisualEffectGraphs":true,"m_FxEnabled":true},"in2DMode":false,"pivot":{"x":-1232.1258544921875,"y":523.8269653320313,"z":1485.427490234375},"rotation":{"x":-0.5493588447570801,"y":0.029861684888601304,"z":-0.019589977338910104,"w":-0.8348538279533386},"size":931.0604858398438,"orthographic":true}